company,lens_id,pub_number,title,abstract,pub_type,status,assignee,jurisdiction,filing_date,filing_year,pub_date,pub_year,cpc_codes,tech_category,inventor_count,family_id,family_size,filing_type,parent_id,relationship,claims_count,inventors
SpaceX,SEED-SPA-0003,US010024064,Low-latency network routing for LEO satellite constellations,[Sample] Low-latency network routing for LEO satellite constellations.,patent_application,pending,SpaceX,US,2022-06-27,2022,2025-03-27,2025.0,H04L45/00,Satellite / Wireless Comms,1,FAM-SPA-0001,3,,,,26,
SpaceX,SEED-SPA-0004,EP010024065,Satellite bus thermal management system,[Sample] Satellite bus thermal management system.,patent_application,pending,SpaceX,EP,2017-03-18,2017,2018-11-16,2018.0,B64G1/50,Spacecraft / Launch Systems,3,FAM-SPA-0001,7,,,,22,
SpaceX,SEED-SPA-0005,US010024066,Intersatellite optical communication link system,[Sample] Intersatellite optical communication link system.,granted_patent,granted,SpaceX,US,2023-01-05,2023,2026-05-12,2026.0,H04B10/00,Satellite / Wireless Comms,4,FAM-SPA-0001,4,,,,27,
SpaceX,SEED-SPA-0006,WO010024067,Ground terminal tracking antenna with MEMS steering,[Sample] Ground terminal tracking antenna with MEMS steering.,granted_patent,granted,SpaceX,WO,2014-09-19,2014,2017-03-16,2017.0,H01Q3/22,Antenna Design,2,FAM-SPA-0002,3,,,,21,
SpaceX,SEED-SPA-0007,WO010024068,Radio frequency interference mitigation for satellite terminals,[Sample] Radio frequency interference mitigation for satellite terminals.,patent_application,pending,SpaceX,WO,2023-05-18,2023,2025-01-28,2025.0,H04B1/10,Satellite / Wireless Comms,1,FAM-SPA-0002,5,,,,10,
SpaceX,SEED-SPA-0008,US010024069,Propellant mass gauging for spacecraft,[Sample] Propellant mass gauging for spacecraft.,patent_application,pending,SpaceX,US,2018-11-09,2018,2021-01-23,2021.0,B64G1/40,Spacecraft / Launch Systems,3,FAM-SPA-0002,6,,,,17,
SpaceX,SEED-SPA-0009,US010024070,Satellite constellation deployment and maintenance,[Sample] Satellite constellation deployment and maintenance.,patent_application,pending,SpaceX,US,2014-03-06,2014,2016-11-08,2016.0,B64G1/10,Spacecraft / Launch Systems,4,FAM-SPA-0003,2,,,,22,
SpaceX,SEED-SPA-0010,US010024071,Wideband phased array with digital beamforming,[Sample] Wideband phased array with digital beamforming.,granted_patent,granted,SpaceX,US,2023-10-05,2023,2026-10-01,2026.0,H01Q21/00,Antenna Design,2,FAM-SPA-0003,2,,,,12,
SpaceX,SEED-SPA-0011,US010024072,Frequency allocation system for broadband satellite networks,[Sample] Frequency allocation system for broadband satellite networks.,patent_application,pending,SpaceX,US,2016-05-16,2016,2019-11-11,2019.0,H04W16/14,Satellite / Wireless Comms,5,FAM-SPA-0003,3,,,,8,
SpaceX,SEED-SPA-0012,EP010024073,Reusable rocket landing leg deployment mechanism,[Sample] Reusable rocket landing leg deployment mechanism.,granted_patent,granted,SpaceX,EP,2016-12-21,2016,2019-09-26,2019.0,B64G1/62,Spacecraft / Launch Systems,2,FAM-SPA-0004,6,,,,16,
SpaceX,SEED-SPA-0013,US010024074,Cryogenic propellant transfer in microgravity,[Sample] Cryogenic propellant transfer in microgravity.,granted_patent,granted,SpaceX,US,2018-10-13,2018,2020-05-09,2020.0,F17C7/00,Spacecraft / Launch Systems,2,FAM-SPA-0004,6,,,,26,
SpaceX,SEED-SPA-0014,EP010024075,Thermal protection tiles for reusable launch vehicles,[Sample] Thermal protection tiles for reusable launch vehicles.,patent_application,pending,SpaceX,EP,2015-12-06,2015,2016-11-15,2016.0,B64C1/38,Aeronautics / Structures,5,FAM-SPA-0004,5,,,,20,
SpaceX,SEED-SPA-0015,EP010024076,High-gain antenna with automated pointing for moving platforms,[Sample] High-gain antenna with automated pointing for moving platforms.,granted_patent,granted,SpaceX,EP,2019-05-25,2019,2022-08-17,2022.0,H01Q1/32,Antenna Design,3,FAM-SPA-0005,7,,,,16,
SpaceX,SEED-SPA-0016,US010024077,Satellite attitude control via reaction wheels,[Sample] Satellite attitude control via reaction wheels.,granted_patent,granted,SpaceX,US,2015-12-07,2015,2018-07-05,2018.0,B64G1/28,Spacecraft / Launch Systems,1,FAM-SPA-0005,1,,,,29,
SpaceX,SEED-SPA-0017,EP010024078,Link budget optimization for satellite broadband,[Sample] Link budget optimization for satellite broadband.,granted_patent,granted,SpaceX,EP,2019-08-24,2019,2020-11-10,2020.0,H04B7/185,Satellite / Wireless Comms,2,FAM-SPA-0005,4,,,,11,
SpaceX,SEED-SPA-0018,WO010024079,Phased array calibration system and method,[Sample] Phased array calibration system and method.,patent_application,pending,SpaceX,WO,2024-03-13,2024,2027-09-02,2027.0,H01Q3/00,Antenna Design,3,FAM-SPA-0006,7,,,,27,
SpaceX,SEED-SPA-0019,WO010024080,Signal processing for satellite uplink interference rejection,[Sample] Signal processing for satellite uplink interference rejection.,patent_application,pending,SpaceX,WO,2014-03-09,2014,2016-08-25,2016.0,H04B7/15,Signal Processing,3,FAM-SPA-0006,6,,,,8,
SpaceX,SEED-SPA-0020,US010024081,LEO satellite handover management for ground users,[Sample] LEO satellite handover management for ground users.,granted_patent,granted,SpaceX,US,2016-09-01,2016,2019-01-09,2019.0,H04W36/00,Satellite / Wireless Comms,6,FAM-SPA-0006,5,,,,23,
SpaceX,SEED-SPA-0021,US010024082,Metasurface-based flat lens antenna,[Sample] Metasurface-based flat lens antenna.,patent_application,pending,SpaceX,US,2016-01-12,2016,2019-02-22,2019.0,H01Q15/00,Antenna Design,5,FAM-SPA-0007,6,,,,27,
SpaceX,SEED-SPA-0022,US010024083,Ground station diversity for satellite communications,[Sample] Ground station diversity for satellite communications.,patent_application,pending,SpaceX,US,2021-08-13,2021,2023-09-13,2023.0,H04B7/12,Satellite / Wireless Comms,3,FAM-SPA-0007,2,,,,20,
SpaceX,SEED-SPA-0023,US010024084,Integrated modem for satellite internet terminals,[Sample] Integrated modem for satellite internet terminals.,granted_patent,granted,SpaceX,US,2014-02-11,2014,2015-07-19,2015.0,H04L27/00,Signal Processing,6,FAM-SPA-0007,2,,,,22,
SpaceX,SEED-SPA-0024,US010024085,Attitude and orbit control for satellite formation flying,[Sample] Attitude and orbit control for satellite formation flying.,patent_application,pending,SpaceX,US,2014-10-14,2014,2015-08-27,2015.0,B64G1/36,Spacecraft / Launch Systems,5,FAM-SPA-0008,5,,,,29,
SpaceX,SEED-SPA-0025,WO010024086,Satellite solar array deployment mechanism,[Sample] Satellite solar array deployment mechanism.,granted_patent,granted,SpaceX,WO,2015-09-19,2015,2018-01-16,2018.0,B64G1/44,Spacecraft / Launch Systems,1,FAM-SPA-0008,3,,,,25,
SpaceX,SEED-SPA-0026,US010024087,Multi-beam satellite communications payload,[Sample] Multi-beam satellite communications payload.,patent_application,pending,SpaceX,US,2021-02-16,2021,2024-10-13,2024.0,H04B7/204,Satellite / Wireless Comms,6,FAM-SPA-0008,5,,,,20,
SpaceX,SEED-SPA-0027,US010024088,Carbon fiber composite rocket body structure,[Sample] Carbon fiber composite rocket body structure.,patent_application,pending,SpaceX,US,2017-03-13,2017,2019-04-21,2019.0,B64C1/00,Aeronautics / Structures,4,FAM-SPA-0009,4,,,,26,
SpaceX,SEED-SPA-0028,US010024089,Regenerative heat exchanger for rocket engines,[Sample] Regenerative heat exchanger for rocket engines.,granted_patent,granted,SpaceX,US,2019-12-26,2019,2020-05-05,2020.0,F02K9/00,Rocket Propulsion,4,FAM-SPA-0009,3,,,,13,
SpaceX,SEED-SPA-0029,EP010024090,Autonomous drone ship precision landing system,[Sample] Autonomous drone ship precision landing system.,granted_patent,granted,SpaceX,EP,2018-04-18,2018,2021-02-25,2021.0,B64G5/00,Spacecraft / Launch Systems,4,FAM-SPA-0009,4,,,,19,
SpaceX,SEED-SPA-0030,EP010024091,High-volume manufacturing methods for satellite hardware,[Sample] High-volume manufacturing methods for satellite hardware.,patent_application,pending,SpaceX,EP,2017-03-04,2017,2018-03-24,2018.0,B64G1/00,Spacecraft / Launch Systems,3,FAM-SPA-0010,1,,,,23,
SpaceX,SEED-SPA-0031,US010024092,Mesh networking protocol for satellite constellations,[Sample] Mesh networking protocol for satellite constellations.,granted_patent,granted,SpaceX,US,2017-05-07,2017,2020-04-27,2020.0,H04L12/00,Satellite / Wireless Comms,1,FAM-SPA-0010,7,,,,16,
SpaceX,SEED-SPA-0032,US010024093,RF power amplifier for phased array transmitter modules,[Sample] RF power amplifier for phased array transmitter modules.,granted_patent,granted,SpaceX,US,2016-05-26,2016,2017-05-25,2017.0,H03F3/00,Signal Processing,3,FAM-SPA-0010,2,,,,19,
SpaceX,SEED-SPA-0033,US010024094,User scheduling for multi-beam satellite broadband,[Sample] User scheduling for multi-beam satellite broadband.,granted_patent,granted,SpaceX,US,2015-11-16,2015,2017-06-20,2017.0,H04W72/00,Satellite / Wireless Comms,5,FAM-SPA-0011,1,,,,22,
SpaceX,SEED-SPA-0034,WO010024095,Polar orbit satellite coverage optimization,[Sample] Polar orbit satellite coverage optimization.,patent_application,pending,SpaceX,WO,2015-12-27,2015,2016-06-22,2016.0,H04B7/195,Satellite / Wireless Comms,3,FAM-SPA-0011,5,,,,29,
SpaceX,SEED-SPA-0035,US010024096,Satellite lifetime propulsion management system,[Sample] Satellite lifetime propulsion management system.,granted_patent,granted,SpaceX,US,2016-07-10,2016,2017-12-19,2017.0,B64G1/26,Spacecraft / Launch Systems,3,FAM-SPA-0011,3,,,,14,
SpaceX,SEED-SPA-0036,WO010024097,GaN-based transmit/receive module for satellite antennas,[Sample] GaN-based transmit/receive module for satellite antennas.,granted_patent,granted,SpaceX,WO,2024-12-07,2024,2026-03-15,2026.0,H01Q21/06,Antenna Design,3,FAM-SPA-0012,3,,,,9,
SpaceX,SEED-SPA-0037,US010024098,Deployable reflector with shape-memory actuators,[Sample] Deployable reflector with shape-memory actuators.,granted_patent,granted,SpaceX,US,2017-07-07,2017,2019-02-10,2019.0,H01Q15/14,Antenna Design,3,FAM-SPA-0012,1,,,,29,
SpaceX,SEED-SPA-0038,WO010024099,On-orbit servicing interface for modular satellites,[Sample] On-orbit servicing interface for modular satellites.,patent_application,pending,SpaceX,WO,2024-01-05,2024,2025-06-12,2025.0,B64G4/00,Spacecraft / Launch Systems,5,FAM-SPA-0012,4,,,,15,
SpaceX,SEED-SPA-0039,US010024100,Digital channelizer for satellite payload processing,[Sample] Digital channelizer for satellite payload processing.,granted_patent,granted,SpaceX,US,2018-03-11,2018,2019-09-04,2019.0,H04J4/00,Signal Processing,1,FAM-SPA-0013,1,,,,11,
SpaceX,SEED-SPA-0040,EP010024101,Satellite constellation collision avoidance maneuver planning,[Sample] Satellite constellation collision avoidance maneuver planning.,granted_patent,granted,SpaceX,EP,2018-09-26,2018,2019-01-22,2019.0,B64G1/10,Spacecraft / Launch Systems,1,FAM-SPA-0013,1,,,,15,
SpaceX,SEED-SPA-0041,WO010024102,Adaptive modulation and coding for satellite links,[Sample] Adaptive modulation and coding for satellite links.,granted_patent,granted,SpaceX,WO,2017-11-10,2017,2019-07-19,2019.0,H04L1/00,Satellite / Wireless Comms,3,FAM-SPA-0013,7,,,,11,
SpaceX,SEED-SPA-0042,US010024103,Electronically scanned array with reconfigurable aperture,[Sample] Electronically scanned array with reconfigurable aperture.,granted_patent,granted,SpaceX,US,2014-10-05,2014,2016-02-01,2016.0,H01Q3/44,Antenna Design,6,FAM-SPA-0014,2,,,,11,
SpaceX,SEED-SPA-0043,US010024104,Space-ground network protocol for low-latency services,[Sample] Space-ground network protocol for low-latency services.,granted_patent,granted,SpaceX,US,2022-04-09,2022,2024-09-17,2024.0,H04L47/00,Satellite / Wireless Comms,6,FAM-SPA-0014,1,,,,9,
SpaceX,SEED-SPA-0044,WO010024105,Thermal-electric power management for CubeSat class satellites,[Sample] Thermal-electric power management for CubeSat class satellites.,patent_application,pending,SpaceX,WO,2020-01-06,2020,2023-12-17,2023.0,H02J7/00,Power / Electrical Systems,5,FAM-SPA-0014,4,,,,18,
SpaceX,SEED-SPA-0045,EP010024106,Optical inter-satellite crosslink terminal design,[Sample] Optical inter-satellite crosslink terminal design.,granted_patent,granted,SpaceX,EP,2020-09-15,2020,2022-12-01,2022.0,H04B10/112,Satellite / Wireless Comms,6,FAM-SPA-0015,5,,,,26,
SpaceX,SEED-SPA-0046,US010024107,Propellant-free satellite attitude control using momentum wheels,[Sample] Propellant-free satellite attitude control using momentum wheels.,granted_patent,granted,SpaceX,US,2017-02-15,2017,2018-10-06,2018.0,B64G1/28,Spacecraft / Launch Systems,3,FAM-SPA-0015,6,,,,27,
SpaceX,SEED-SPA-0047,US010024108,Re-entry vehicle thermal protection using ablative materials,[Sample] Re-entry vehicle thermal protection using ablative materials.,patent_application,pending,SpaceX,US,2014-03-07,2014,2017-05-03,2017.0,B64G1/58,Spacecraft / Launch Systems,4,FAM-SPA-0015,7,,,,13,
SpaceX,SEED-SPA-0048,WO010024109,Electric propulsion system for station keeping in LEO,[Sample] Electric propulsion system for station keeping in LEO.,granted_patent,granted,SpaceX,WO,2015-03-18,2015,2016-02-16,2016.0,B64G1/40,Spacecraft / Launch Systems,1,FAM-SPA-0016,5,,,,11,
SpaceX,SEED-SPA-0049,US010024110,Launch vehicle interstage separation mechanism,[Sample] Launch vehicle interstage separation mechanism.,patent_application,pending,SpaceX,US,2022-03-26,2022,2023-10-11,2023.0,B64G1/64,Spacecraft / Launch Systems,4,FAM-SPA-0016,3,,,,16,
SpaceX,SEED-SPA-0050,US010024111,Flat-panel satellite with integrated ion propulsion and stowable solar arrays,[Sample] Flat-panel satellite with integrated ion propulsion and stowable solar arrays.,patent_application,pending,SpaceX,US,2024-09-24,2024,2025-04-09,2025.0,B64G1/28,Spacecraft / Launch Systems,4,FAM-SPA-0016,3,,,,24,
SpaceX,SEED-SPA-0051,US010024112,Satellite constellation frequency reuse via spot beam coordination,[Sample] Satellite constellation frequency reuse via spot beam coordination.,granted_patent,granted,SpaceX,US,2020-09-14,2020,2023-04-20,2023.0,H04W16/14,Satellite / Wireless Comms,4,FAM-SPA-0017,7,,,,20,
Blue Origin,SEED-BLU-0003,EP010056574,BE-3 liquid hydrogen and liquid oxygen rocket engine,[Sample] BE-3 liquid hydrogen and liquid oxygen rocket engine.,granted_patent,granted,Blue Origin,EP,2015-09-09,2015,2017-11-27,2017.0,F02K9/00,Rocket Propulsion,2,FAM-BLU-0001,3,,,,15,
Blue Origin,SEED-BLU-0004,EP010056575,Large diameter composite pressure vessel for launch vehicles,[Sample] Large diameter composite pressure vessel for launch vehicles.,granted_patent,granted,Blue Origin,EP,2013-03-22,2013,2015-01-21,2015.0,B64C1/06,Aeronautics / Structures,2,FAM-BLU-0001,7,,,,23,
Blue Origin,SEED-BLU-0005,US010056576,Propellant settling maneuver for in-space cryogenic tanks,[Sample] Propellant settling maneuver for in-space cryogenic tanks.,patent_application,pending,Blue Origin,US,2015-02-12,2015,2018-06-26,2018.0,F17C7/00,Spacecraft / Launch Systems,2,FAM-BLU-0001,7,,,,10,
Blue Origin,SEED-BLU-0006,US010056577,Integrated launch and recovery operations control system,[Sample] Integrated launch and recovery operations control system.,patent_application,pending,Blue Origin,US,2021-11-18,2021,2023-07-24,2023.0,B64G5/00,Spacecraft / Launch Systems,1,FAM-BLU-0002,3,,,,9,
Blue Origin,SEED-BLU-0007,EP010056578,Blue Ring orbital transfer vehicle propulsion architecture,[Sample] Blue Ring orbital transfer vehicle propulsion architecture.,granted_patent,granted,Blue Origin,EP,2023-07-02,2023,2026-04-08,2026.0,B64G1/40,Spacecraft / Launch Systems,6,FAM-BLU-0002,4,,,,22,
Blue Origin,SEED-BLU-0008,US010056579,Turbopump for cryogenic rocket propellants,[Sample] Turbopump for cryogenic rocket propellants.,granted_patent,granted,Blue Origin,US,2015-02-09,2015,2018-08-03,2018.0,F04D25/00,Rocket Propulsion,4,FAM-BLU-0002,2,,,,19,
Blue Origin,SEED-BLU-0009,US010056580,Vertical takeoff and landing propulsion control law,[Sample] Vertical takeoff and landing propulsion control law.,granted_patent,granted,Blue Origin,US,2021-12-15,2021,2024-03-28,2024.0,B64C29/00,Aeronautics / Structures,3,FAM-BLU-0003,7,,,,27,
Blue Origin,SEED-BLU-0010,US010056581,BE-4 liquefied natural gas rocket engine combustion chamber,[Sample] BE-4 liquefied natural gas rocket engine combustion chamber.,patent_application,pending,Blue Origin,US,2013-11-21,2013,2016-08-23,2016.0,F02K9/10,Rocket Propulsion,5,FAM-BLU-0003,7,,,,20,
Blue Origin,SEED-BLU-0011,US010056582,Thrust vector control actuator for launch vehicles,[Sample] Thrust vector control actuator for launch vehicles.,granted_patent,granted,Blue Origin,US,2018-02-09,2018,2020-01-18,2020.0,B64G1/26,Spacecraft / Launch Systems,6,FAM-BLU-0003,3,,,,10,
Blue Origin,SEED-BLU-0012,EP010056583,Space habitat environmental control and life support system,[Sample] Space habitat environmental control and life support system.,granted_patent,granted,Blue Origin,EP,2014-12-28,2014,2015-12-21,2015.0,B64G1/58,Spacecraft / Launch Systems,2,FAM-BLU-0004,6,,,,23,
Blue Origin,SEED-BLU-0013,US010056584,Lunar lander descent propulsion system,[Sample] Lunar lander descent propulsion system.,granted_patent,granted,Blue Origin,US,2017-11-16,2017,2019-05-11,2019.0,B64G1/62,Spacecraft / Launch Systems,4,FAM-BLU-0004,6,,,,26,
Blue Origin,SEED-BLU-0014,US010056585,Reentry aeroshell thermal protection system,[Sample] Reentry aeroshell thermal protection system.,patent_application,pending,Blue Origin,US,2015-09-18,2015,2017-12-27,2017.0,B64G1/58,Spacecraft / Launch Systems,1,FAM-BLU-0004,3,,,,26,
Blue Origin,SEED-BLU-0015,US010056586,BE-7 LOX/hydrogen engine for lunar lander,[Sample] BE-7 LOX/hydrogen engine for lunar lander.,granted_patent,granted,Blue Origin,US,2018-01-19,2018,2019-12-10,2019.0,F02K9/00,Rocket Propulsion,4,FAM-BLU-0005,3,,,,13,
Blue Origin,SEED-BLU-0016,US010056587,Propulsion feed system with passive pressurant,[Sample] Propulsion feed system with passive pressurant.,granted_patent,granted,Blue Origin,US,2015-08-08,2015,2016-01-15,2016.0,F02K9/44,Rocket Propulsion,3,FAM-BLU-0005,6,,,,9,
Blue Origin,SEED-BLU-0017,WO010056588,Rotating detonation rocket engine cycle,[Sample] Rotating detonation rocket engine cycle.,granted_patent,granted,Blue Origin,WO,2018-02-26,2018,2021-03-27,2021.0,F02K7/00,Rocket Propulsion,3,FAM-BLU-0005,5,,,,29,
Blue Origin,SEED-BLU-0018,WO010056589,Recovery parachute system for reusable crew capsule,[Sample] Recovery parachute system for reusable crew capsule.,patent_application,pending,Blue Origin,WO,2015-01-14,2015,2018-09-08,2018.0,B64D17/00,Aeronautics / Structures,4,FAM-BLU-0006,7,,,,29,
Blue Origin,SEED-BLU-0019,WO010056590,Lightweight composite tank manufacturing for cryogenic propellants,[Sample] Lightweight composite tank manufacturing for cryogenic propellants.,patent_application,pending,Blue Origin,WO,2021-08-28,2021,2022-02-28,2022.0,B64G1/40,Spacecraft / Launch Systems,5,FAM-BLU-0006,3,,,,20,
Blue Origin,SEED-BLU-0020,US010056591,Reusable first stage booster guidance during powered descent,[Sample] Reusable first stage booster guidance during powered descent.,granted_patent,granted,Blue Origin,US,2018-08-28,2018,2020-09-01,2020.0,B64G1/62,Spacecraft / Launch Systems,5,FAM-BLU-0006,1,,,,11,
Blue Origin,SEED-BLU-0021,US010056592,Variable thrust liquid rocket engine for throttleable descent,[Sample] Variable thrust liquid rocket engine for throttleable descent.,patent_application,pending,Blue Origin,US,2021-05-03,2021,2022-05-24,2022.0,F02K9/58,Rocket Propulsion,3,FAM-BLU-0007,7,,,,25,
Blue Origin,SEED-BLU-0022,US010056593,Acoustic suppression system for rocket test stand,[Sample] Acoustic suppression system for rocket test stand.,patent_application,pending,Blue Origin,US,2020-07-04,2020,2022-03-18,2022.0,F02K9/00,Rocket Propulsion,5,FAM-BLU-0007,3,,,,9,
Blue Origin,SEED-BLU-0023,US010056594,Advanced composite nosecone for suborbital vehicles,[Sample] Advanced composite nosecone for suborbital vehicles.,patent_application,pending,Blue Origin,US,2014-02-16,2014,2015-06-03,2015.0,B64C1/00,Aeronautics / Structures,2,FAM-BLU-0007,7,,,,8,
Blue Origin,SEED-BLU-0024,US010056595,Pressure-fed bipropellant thruster for orbital maneuvering,[Sample] Pressure-fed bipropellant thruster for orbital maneuvering.,granted_patent,granted,Blue Origin,US,2013-05-21,2013,2016-05-24,2016.0,F02K9/44,Rocket Propulsion,6,FAM-BLU-0008,7,,,,17,
Blue Origin,SEED-BLU-0025,US010056596,Staged combustion cycle engine with full flow oxidizer preburner,[Sample] Staged combustion cycle engine with full flow oxidizer preburner.,granted_patent,granted,Blue Origin,US,2021-03-09,2021,2024-12-19,2024.0,F02K9/10,Rocket Propulsion,3,FAM-BLU-0008,5,,,,24,
Blue Origin,SEED-BLU-0026,US010056597,Launch pad infrastructure for rapid booster reuse,[Sample] Launch pad infrastructure for rapid booster reuse.,granted_patent,granted,Blue Origin,US,2024-08-25,2024,2025-05-23,2025.0,B64G5/00,Spacecraft / Launch Systems,4,FAM-BLU-0008,4,,,,29,
Blue Origin,SEED-BLU-0027,EP010056598,Thermal insulation system for cryogenic propellant storage,[Sample] Thermal insulation system for cryogenic propellant storage.,granted_patent,granted,Blue Origin,EP,2014-06-21,2014,2016-08-13,2016.0,F17C3/00,Spacecraft / Launch Systems,6,FAM-BLU-0009,1,,,,14,
Rocket Lab,SEED-ROC-0003,US010088497,Battery-powered turbopump for small launch vehicles,[Sample] Battery-powered turbopump for small launch vehicles.,patent_application,pending,Rocket Lab,US,2019-04-23,2019,2021-07-15,2021.0,F04D25/00,Rocket Propulsion,1,FAM-ROC-0001,6,,,,14,
Rocket Lab,SEED-ROC-0004,EP010088498,Kick stage in-space propulsion for precision orbit insertion,[Sample] Kick stage in-space propulsion for precision orbit insertion.,granted_patent,granted,Rocket Lab,EP,2024-09-16,2024,2026-08-09,2026.0,B64G1/40,Spacecraft / Launch Systems,3,FAM-ROC-0001,3,,,,17,
Rocket Lab,SEED-ROC-0005,EP010088499,Small satellite dispenser mechanism,[Sample] Small satellite dispenser mechanism.,patent_application,pending,Rocket Lab,EP,2022-04-15,2022,2025-01-16,2025.0,B64G1/64,Spacecraft / Launch Systems,1,FAM-ROC-0001,1,,,,8,
Rocket Lab,SEED-ROC-0006,EP010088500,Attitude determination system for small satellites,[Sample] Attitude determination system for small satellites.,granted_patent,granted,Rocket Lab,EP,2017-06-22,2017,2020-09-26,2020.0,B64G1/36,Spacecraft / Launch Systems,1,FAM-ROC-0002,7,,,,11,
Rocket Lab,SEED-ROC-0007,WO010088501,Rapid integration launch operations for small launch vehicles,[Sample] Rapid integration launch operations for small launch vehicles.,patent_application,pending,Rocket Lab,WO,2017-12-17,2017,2020-05-01,2020.0,B64G5/00,Spacecraft / Launch Systems,5,FAM-ROC-0002,3,,,,11,
Rocket Lab,SEED-ROC-0008,WO010088502,Cubesat-compatible monopropellant propulsion module,[Sample] Cubesat-compatible monopropellant propulsion module.,granted_patent,granted,Rocket Lab,WO,2019-07-21,2019,2021-05-10,2021.0,B64G1/40,Spacecraft / Launch Systems,1,FAM-ROC-0002,2,,,,24,
Rocket Lab,SEED-ROC-0009,US010088503,Composite overwrapped pressure vessel for small spacecraft,[Sample] Composite overwrapped pressure vessel for small spacecraft.,granted_patent,granted,Rocket Lab,US,2020-05-06,2020,2023-08-26,2023.0,B64C1/06,Aeronautics / Structures,2,FAM-ROC-0003,6,,,,17,
Rocket Lab,SEED-ROC-0010,EP010088504,Electron booster guided atmospheric descent and recovery,[Sample] Electron booster guided atmospheric descent and recovery.,granted_patent,granted,Rocket Lab,EP,2022-05-03,2022,2025-11-27,2025.0,B64G1/62,Spacecraft / Launch Systems,5,FAM-ROC-0003,5,,,,10,
Rocket Lab,SEED-ROC-0011,US010088505,Mid-air capture system for rocket booster recovery,[Sample] Mid-air capture system for rocket booster recovery.,granted_patent,granted,Rocket Lab,US,2022-12-09,2022,2024-05-17,2024.0,B64G5/00,Spacecraft / Launch Systems,2,FAM-ROC-0003,1,,,,28,
Rocket Lab,SEED-ROC-0012,EP010088506,Space solar power demonstration payload architecture,[Sample] Space solar power demonstration payload architecture.,patent_application,pending,Rocket Lab,EP,2022-11-24,2022,2024-12-26,2024.0,H02S10/40,Power / Electrical Systems,5,FAM-ROC-0004,4,,,,22,
Rocket Lab,SEED-ROC-0013,EP010088507,Autonomous mission operations for satellite constellations,[Sample] Autonomous mission operations for satellite constellations.,granted_patent,granted,Rocket Lab,EP,2020-08-18,2020,2023-11-21,2023.0,B64G1/24,Spacecraft / Launch Systems,6,FAM-ROC-0004,6,,,,13,
Rocket Lab,SEED-ROC-0014,US010088508,Optical inter-satellite link terminal for small satellites,[Sample] Optical inter-satellite link terminal for small satellites.,granted_patent,granted,Rocket Lab,US,2017-10-07,2017,2019-09-11,2019.0,H04B10/11,Satellite / Wireless Comms,2,FAM-ROC-0004,4,,,,26,
Rocket Lab,SEED-ROC-0015,US010088509,Additive manufactured rocket engine injector plate,[Sample] Additive manufactured rocket engine injector plate.,granted_patent,granted,Rocket Lab,US,2021-01-05,2021,2022-05-12,2022.0,F02K9/00,Rocket Propulsion,3,FAM-ROC-0005,5,,,,16,
Rocket Lab,SEED-ROC-0016,US010088510,Reusable fairing half-shell with guided recovery system,[Sample] Reusable fairing half-shell with guided recovery system.,patent_application,pending,Rocket Lab,US,2023-03-10,2023,2024-10-05,2024.0,B64G1/64,Spacecraft / Launch Systems,1,FAM-ROC-0005,3,,,,19,
Rocket Lab,SEED-ROC-0017,US010088511,Propellant management device for zero-gravity operation,[Sample] Propellant management device for zero-gravity operation.,granted_patent,granted,Rocket Lab,US,2022-03-16,2022,2023-11-21,2023.0,B64G1/40,Spacecraft / Launch Systems,5,FAM-ROC-0005,2,,,,17,
Virgin Galactic,SEED-VIR-0000,WO010026912,SpaceShipTwo hybrid rocket motor design,[Sample] SpaceShipTwo hybrid rocket motor design.,granted_patent,granted,Virgin Galactic,WO,2013-03-07,2013,2016-02-08,2016.0,F02K9/00,Rocket Propulsion,3,FAM-VIR-0000,5,,,,17,
Virgin Galactic,SEED-VIR-0001,US010026913,Feathering reentry mechanism for suborbital spaceplane,[Sample] Feathering reentry mechanism for suborbital spaceplane.,granted_patent,granted,Virgin Galactic,US,2021-07-06,2021,2023-06-03,2023.0,B64C3/38,Aeronautics / Structures,3,FAM-VIR-0000,5,,,,13,
Virgin Galactic,SEED-VIR-0002,US010026914,Carrier aircraft structural integration for air-launched vehicles,[Sample] Carrier aircraft structural integration for air-launched vehicles.,granted_patent,granted,Virgin Galactic,US,2019-11-12,2019,2022-11-22,2022.0,B64C1/00,Aeronautics / Structures,5,FAM-VIR-0000,2,,,,19,
Virgin Galactic,SEED-VIR-0003,US010026915,Hybrid solid propellant grain for spaceplane motor,[Sample] Hybrid solid propellant grain for spaceplane motor.,granted_patent,granted,Virgin Galactic,US,2017-06-01,2017,2019-09-13,2019.0,C06B21/00,Other,4,FAM-VIR-0001,1,,,,29,
Virgin Galactic,SEED-VIR-0004,US010026916,Crew cabin pressurization and environmental control for spaceplane,[Sample] Crew cabin pressurization and environmental control for spaceplane.,granted_patent,granted,Virgin Galactic,US,2024-10-02,2024,2025-10-17,2025.0,B64D13/00,Aeronautics / Structures,2,FAM-VIR-0001,6,,,,16,
Virgin Galactic,SEED-VIR-0005,US010026917,Passenger restraint system for commercial suborbital flight,[Sample] Passenger restraint system for commercial suborbital flight.,granted_patent,granted,Virgin Galactic,US,2017-11-18,2017,2019-11-14,2019.0,B64D11/00,Aeronautics / Structures,2,FAM-VIR-0001,2,,,,22,
Virgin Galactic,SEED-VIR-0006,EP010026918,Acoustic signature reduction for air-launched rockets,[Sample] Acoustic signature reduction for air-launched rockets.,granted_patent,granted,Virgin Galactic,EP,2019-06-25,2019,2022-11-16,2022.0,B64D27/00,Aeronautics / Structures,4,FAM-VIR-0002,1,,,,9,
Virgin Galactic,SEED-VIR-0007,WO010026919,Thermal management for reusable composite spaceplane fuselage,[Sample] Thermal management for reusable composite spaceplane fuselage.,granted_patent,granted,Virgin Galactic,WO,2011-05-14,2011,2012-07-22,2012.0,B64C1/38,Aeronautics / Structures,1,FAM-VIR-0002,6,,,,10,
Virgin Galactic,SEED-VIR-0008,US010026920,Lifting body aerodynamic control surfaces for reentry,[Sample] Lifting body aerodynamic control surfaces for reentry.,patent_application,pending,Virgin Galactic,US,2015-08-07,2015,2016-06-20,2016.0,B64C30/00,Aeronautics / Structures,4,FAM-VIR-0002,4,,,,29,
Virgin Galactic,SEED-VIR-0009,US010026921,Reaction control system thruster for suborbital vehicles,[Sample] Reaction control system thruster for suborbital vehicles.,granted_patent,granted,Virgin Galactic,US,2015-03-25,2015,2017-04-22,2017.0,B64G1/26,Spacecraft / Launch Systems,4,FAM-VIR-0003,2,,,,13,
Virgin Galactic,SEED-VIR-0010,EP010026922,Automated pre-flight checklist system for commercial spaceflight,[Sample] Automated pre-flight checklist system for commercial spaceflight.,patent_application,pending,Virgin Galactic,EP,2020-12-03,2020,2021-01-02,2021.0,G05D1/00,Computing / Software,6,FAM-VIR-0003,3,,,,13,
Virgin Galactic,SEED-VIR-0011,WO010026923,Hybrid motor oxidizer injection system,[Sample] Hybrid motor oxidizer injection system.,patent_application,pending,Virgin Galactic,WO,2018-12-21,2018,2021-02-27,2021.0,F02K9/72,Rocket Propulsion,2,FAM-VIR-0003,1,,,,29,
Virgin Galactic,SEED-VIR-0012,WO010026924,Spaceplane wing structural reinforcement under rocket thrust,[Sample] Spaceplane wing structural reinforcement under rocket thrust.,patent_application,pending,Virgin Galactic,WO,2021-05-20,2021,2023-06-27,2023.0,B64C3/18,Aeronautics / Structures,1,FAM-VIR-0004,2,,,,26,
Virgin Galactic,SEED-VIR-0013,US010026925,Cabin window assembly for high-altitude pressure differential,[Sample] Cabin window assembly for high-altitude pressure differential.,granted_patent,granted,Virgin Galactic,US,2013-01-17,2013,2015-03-08,2015.0,B64C1/14,Aeronautics / Structures,6,FAM-VIR-0004,4,,,,8,
Maxar Technologies,SEED-MAX-0000,US010094472,High-resolution electro-optical imaging satellite bus,[Sample] High-resolution electro-optical imaging satellite bus.,granted_patent,granted,Maxar Technologies,US,2007-10-06,2007,2008-07-18,2008.0,B64G1/10,Spacecraft / Launch Systems,3,FAM-MAX-0000,2,,,,8,
Maxar Technologies,SEED-MAX-0001,US010094473,Synthetic aperture radar for Earth observation from LEO,[Sample] Synthetic aperture radar for Earth observation from LEO.,granted_patent,granted,Maxar Technologies,US,2021-02-22,2021,2022-03-21,2022.0,G01S13/90,Remote Sensing / GPS,3,FAM-MAX-0000,2,,,,12,
Maxar Technologies,SEED-MAX-0002,US010094474,GEO satellite bus with electric propulsion station keeping,[Sample] GEO satellite bus with electric propulsion station keeping.,granted_patent,granted,Maxar Technologies,US,2015-09-07,2015,2018-04-23,2018.0,B64G1/40,Spacecraft / Launch Systems,6,FAM-MAX-0000,1,,,,23,
Maxar Technologies,SEED-MAX-0003,EP010094475,Satellite image tasking and scheduling optimization algorithm,[Sample] Satellite image tasking and scheduling optimization algorithm.,granted_patent,granted,Maxar Technologies,EP,2021-09-09,2021,2023-10-21,2023.0,G06Q10/06,Computing / Software,2,FAM-MAX-0001,5,,,,15,
Maxar Technologies,SEED-MAX-0004,US010094476,On-orbit image compression and downlink management system,[Sample] On-orbit image compression and downlink management system.,granted_patent,granted,Maxar Technologies,US,2010-06-23,2010,2011-12-19,2011.0,H04N19/00,Satellite / Wireless Comms,6,FAM-MAX-0001,4,,,,28,
Maxar Technologies,SEED-MAX-0005,WO010094477,Geospatial data fusion from multi-source satellite imagery,[Sample] Geospatial data fusion from multi-source satellite imagery.,granted_patent,granted,Maxar Technologies,WO,2018-03-26,2018,2020-10-22,2020.0,G01C11/00,Remote Sensing / GPS,4,FAM-MAX-0001,5,,,,15,
Maxar Technologies,SEED-MAX-0006,EP010094478,High-throughput Ka-band satellite communications payload,[Sample] High-throughput Ka-band satellite communications payload.,patent_application,pending,Maxar Technologies,EP,2017-01-02,2017,2020-10-01,2020.0,H04B7/185,Satellite / Wireless Comms,5,FAM-MAX-0002,7,,,,22,
Maxar Technologies,SEED-MAX-0007,US010094479,Deployable large aperture reflector antenna for GEO satellites,[Sample] Deployable large aperture reflector antenna for GEO satellites.,granted_patent,granted,Maxar Technologies,US,2005-12-12,2005,2008-06-08,2008.0,H01Q15/14,Antenna Design,3,FAM-MAX-0002,4,,,,20,
Maxar Technologies,SEED-MAX-0008,US010094480,Satellite imaging scheduling for time-critical reconnaissance,[Sample] Satellite imaging scheduling for time-critical reconnaissance.,granted_patent,granted,Maxar Technologies,US,2009-01-09,2009,2012-02-27,2012.0,G06Q10/04,Computing / Software,6,FAM-MAX-0002,2,,,,13,
Maxar Technologies,SEED-MAX-0009,EP010094481,Multi-spectral imaging payload for land cover classification,[Sample] Multi-spectral imaging payload for land cover classification.,granted_patent,granted,Maxar Technologies,EP,2014-12-02,2014,2015-12-18,2015.0,G01S17/88,Remote Sensing / GPS,6,FAM-MAX-0003,7,,,,26,
Maxar Technologies,SEED-MAX-0010,US010094482,Satellite-derived change detection using convolutional neural networks,[Sample] Satellite-derived change detection using convolutional neural networks.,granted_patent,granted,Maxar Technologies,US,2018-04-18,2018,2020-07-03,2020.0,G06V20/10,Computing / Software,2,FAM-MAX-0003,2,,,,15,
Maxar Technologies,SEED-MAX-0011,US010094483,Spacecraft thermal radiator panel deployment mechanism,[Sample] Spacecraft thermal radiator panel deployment mechanism.,granted_patent,granted,Maxar Technologies,US,2007-02-02,2007,2008-05-22,2008.0,B64G1/50,Spacecraft / Launch Systems,2,FAM-MAX-0003,2,,,,18,
Maxar Technologies,SEED-MAX-0012,US010094484,High-power solar array for GEO communications satellite,[Sample] High-power solar array for GEO communications satellite.,granted_patent,granted,Maxar Technologies,US,2020-02-22,2020,2021-09-04,2021.0,H02S10/40,Power / Electrical Systems,1,FAM-MAX-0004,2,,,,24,
Maxar Technologies,SEED-MAX-0013,US010094485,Satellite attitude estimation with star tracker sensor fusion,[Sample] Satellite attitude estimation with star tracker sensor fusion.,granted_patent,granted,Maxar Technologies,US,2014-04-23,2014,2015-12-17,2015.0,B64G1/36,Spacecraft / Launch Systems,3,FAM-MAX-0004,5,,,,10,
Maxar Technologies,SEED-MAX-0014,US010094486,Precision pointing system for high-resolution optical telescope payload,[Sample] Precision pointing system for high-resolution optical telescope payload.,patent_application,pending,Maxar Technologies,US,2024-02-20,2024,2025-06-13,2025.0,G01C21/24,Remote Sensing / GPS,1,FAM-MAX-0004,5,,,,21,
Planet Labs,SEED-PLA-0000,EP010093628,CubeSat imaging payload with push-broom sensor architecture,[Sample] CubeSat imaging payload with push-broom sensor architecture.,patent_application,pending,Planet Labs,EP,2023-12-16,2023,2026-10-24,2026.0,G01S17/88,Remote Sensing / GPS,6,FAM-PLA-0000,6,,,,21,
Planet Labs,SEED-PLA-0001,US010093629,Daily revisit Earth imaging constellation scheduling algorithm,[Sample] Daily revisit Earth imaging constellation scheduling algorithm.,granted_patent,granted,Planet Labs,US,2014-11-12,2014,2017-03-06,2017.0,B64G1/10,Spacecraft / Launch Systems,3,FAM-PLA-0000,2,,,,25,
Planet Labs,SEED-PLA-0002,EP010093630,Ground station downlink prioritization for high-cadence imaging,[Sample] Ground station downlink prioritization for high-cadence imaging.,granted_patent,granted,Planet Labs,EP,2017-10-13,2017,2019-11-03,2019.0,H04B7/185,Satellite / Wireless Comms,3,FAM-PLA-0000,6,,,,23,
Planet Labs,SEED-PLA-0003,EP010093631,Low-cost satellite attitude control using magnetorquers,[Sample] Low-cost satellite attitude control using magnetorquers.,patent_application,pending,Planet Labs,EP,2021-09-21,2021,2024-08-22,2024.0,B64G1/36,Spacecraft / Launch Systems,5,FAM-PLA-0001,2,,,,14,
Planet Labs,SEED-PLA-0004,US010093632,Automated image quality assessment pipeline for satellite imagery,[Sample] Automated image quality assessment pipeline for satellite imagery.,granted_patent,granted,Planet Labs,US,2022-08-19,2022,2023-08-16,2023.0,G06T7/00,Computing / Software,5,FAM-PLA-0001,5,,,,11,
Planet Labs,SEED-PLA-0005,WO010093633,CubeSat form factor imager with precision focus mechanism,[Sample] CubeSat form factor imager with precision focus mechanism.,granted_patent,granted,Planet Labs,WO,2024-07-11,2024,2027-12-05,2027.0,G01C11/00,Remote Sensing / GPS,6,FAM-PLA-0001,4,,,,23,
Planet Labs,SEED-PLA-0006,US010093634,Satellite imagery analytics platform for agricultural monitoring,[Sample] Satellite imagery analytics platform for agricultural monitoring.,patent_application,pending,Planet Labs,US,2021-10-11,2021,2024-06-25,2024.0,G06V20/10,Computing / Software,5,FAM-PLA-0002,1,,,,12,
Planet Labs,SEED-PLA-0007,US010093635,Miniaturized reaction wheel assembly for nanosatellite pointing,[Sample] Miniaturized reaction wheel assembly for nanosatellite pointing.,granted_patent,granted,Planet Labs,US,2023-05-23,2023,2025-09-20,2025.0,B64G1/28,Spacecraft / Launch Systems,6,FAM-PLA-0002,2,,,,15,
Planet Labs,SEED-PLA-0008,US010093636,Cloud mask generation for multispectral satellite image time series,[Sample] Cloud mask generation for multispectral satellite image time series.,patent_application,pending,Planet Labs,US,2017-09-11,2017,2019-12-14,2019.0,G06V10/25,Computing / Software,6,FAM-PLA-0002,1,,,,8,
Planet Labs,SEED-PLA-0009,US010093637,Rapid manufacturing process for high-volume small satellite production,[Sample] Rapid manufacturing process for high-volume small satellite production.,patent_application,pending,Planet Labs,US,2019-11-17,2019,2021-10-18,2021.0,B64G1/00,Spacecraft / Launch Systems,5,FAM-PLA-0003,2,,,,25,
Relativity Space,SEED-REL-0000,US010005420,Additive manufactured rocket engine combustion chamber,[Sample] Additive manufactured rocket engine combustion chamber.,patent_application,pending,Relativity Space,US,2022-08-03,2022,2023-09-18,2023.0,F02K9/10,Rocket Propulsion,5,FAM-REL-0000,6,,,,9,
Relativity Space,SEED-REL-0001,WO010005421,Large-scale metal 3D printing system for aerospace structures,[Sample] Large-scale metal 3D printing system for aerospace structures.,patent_application,pending,Relativity Space,WO,2021-04-25,2021,2023-08-01,2023.0,B22F10/00,Manufacturing,2,FAM-REL-0000,3,,,,29,
Relativity Space,SEED-REL-0002,US010005422,Bimetallic additive manufactured rocket nozzle with internal cooling channels,[Sample] Bimetallic additive manufactured rocket nozzle with internal cooling channels.,patent_application,pending,Relativity Space,US,2024-05-27,2024,2025-02-13,2025.0,F02K9/00,Rocket Propulsion,5,FAM-REL-0000,4,,,,25,
Relativity Space,SEED-REL-0003,US010005423,Autonomous robotic assembly of additive manufactured rocket components,[Sample] Autonomous robotic assembly of additive manufactured rocket components.,granted_patent,granted,Relativity Space,US,2020-11-17,2020,2023-08-18,2023.0,B25J11/00,Manufacturing,3,FAM-REL-0001,1,,,,28,
Relativity Space,SEED-REL-0004,WO010005424,Printed propellant tank for launch vehicle constructed via direct energy deposition,[Sample] Printed propellant tank for launch vehicle constructed via direct energy deposition.,patent_application,pending,Relativity Space,WO,2017-02-18,2017,2020-04-22,2020.0,B64G1/40,Spacecraft / Launch Systems,3,FAM-REL-0001,2,,,,9,
Relativity Space,SEED-REL-0005,US010005425,Machine learning process control for rocket engine additive manufacturing,[Sample] Machine learning process control for rocket engine additive manufacturing.,granted_patent,granted,Relativity Space,US,2018-11-07,2018,2020-04-24,2020.0,G05B19/418,Computing / Software,4,FAM-REL-0001,1,,,,28,
Relativity Space,SEED-REL-0006,US010005426,Multi-material additive manufactured thrust structure for small launch vehicles,[Sample] Multi-material additive manufactured thrust structure for small launch vehicles.,patent_application,pending,Relativity Space,US,2023-06-13,2023,2025-02-14,2025.0,B64C1/00,Aeronautics / Structures,6,FAM-REL-0002,1,,,,25,
Relativity Space,SEED-REL-0007,US010005427,Software-defined manufacturing workflow for iterative rocket development,[Sample] Software-defined manufacturing workflow for iterative rocket development.,granted_patent,granted,Relativity Space,US,2020-04-09,2020,2023-03-14,2023.0,G05B19/00,Computing / Software,2,FAM-REL-0002,2,,,,25,
Astra Space,SEED-AST-0000,EP010006553,Autogenous pressurization system for small launch vehicle propellant tanks,[Sample] Autogenous pressurization system for small launch vehicle propellant tanks.,granted_patent,granted,Astra Space,EP,2020-09-24,2020,2021-11-20,2021.0,F02K9/44,Rocket Propulsion,2,FAM-AST-0000,7,,,,18,
Astra Space,SEED-AST-0001,US010006554,Avionics architecture for automated small launch vehicle operations,[Sample] Avionics architecture for automated small launch vehicle operations.,granted_patent,granted,Astra Space,US,2016-06-26,2016,2018-01-23,2018.0,B64G1/24,Spacecraft / Launch Systems,5,FAM-AST-0000,4,,,,19,
Astra Space,SEED-AST-0002,WO010006555,Mobile launch platform and vehicle integration for responsive launch,[Sample] Mobile launch platform and vehicle integration for responsive launch.,granted_patent,granted,Astra Space,WO,2020-06-04,2020,2022-06-09,2022.0,B64G5/00,Spacecraft / Launch Systems,4,FAM-AST-0000,1,,,,8,
Astra Space,SEED-AST-0003,US010006556,Propellant cross-feed system for small two-stage launch vehicles,[Sample] Propellant cross-feed system for small two-stage launch vehicles.,granted_patent,granted,Astra Space,US,2018-01-26,2018,2021-11-09,2021.0,F02K9/00,Rocket Propulsion,2,FAM-AST-0001,7,,,,8,
Astra Space,SEED-AST-0004,WO010006557,Compact attitude control module for small launch vehicles,[Sample] Compact attitude control module for small launch vehicles.,patent_application,pending,Astra Space,WO,2023-02-26,2023,2024-04-24,2024.0,B64G1/26,Spacecraft / Launch Systems,6,FAM-AST-0001,6,,,,23,
Astra Space,SEED-AST-0005,US010006558,Rapid manufacturing and assembly process for low-cost launch vehicles,[Sample] Rapid manufacturing and assembly process for low-cost launch vehicles.,granted_patent,granted,Astra Space,US,2021-07-18,2021,2022-03-02,2022.0,B64G1/00,Spacecraft / Launch Systems,3,FAM-AST-0001,4,,,,17,
Astra Space,SEED-AST-0006,US010006559,Trajectory optimization for small launch vehicle to multiple orbits,[Sample] Trajectory optimization for small launch vehicle to multiple orbits.,granted_patent,granted,Astra Space,US,2020-05-10,2020,2023-12-22,2023.0,B64G1/10,Spacecraft / Launch Systems,4,FAM-AST-0002,4,,,,24,
Sierra Nevada / Sierra Space,SEED-SIE-0000,US010099014,Lifting body reentry vehicle thermal protection system,[Sample] Lifting body reentry vehicle thermal protection system.,granted_patent,granted,Sierra Nevada / Sierra Space,US,2016-03-16,2016,2019-01-22,2019.0,B64G1/58,Spacecraft / Launch Systems,3,FAM-SIE-0000,4,,,,27,
Sierra Nevada / Sierra Space,SEED-SIE-0001,US010099015,Cargo integration and deployment system for Dream Chaser orbital vehicle,[Sample] Cargo integration and deployment system for Dream Chaser orbital vehicle.,granted_patent,granted,Sierra Nevada / Sierra Space,US,2010-10-23,2010,2011-03-27,2011.0,B64G1/64,Spacecraft / Launch Systems,4,FAM-SIE-0000,3,,,,14,
Sierra Nevada / Sierra Space,SEED-SIE-0002,US010099016,Inflatable space habitat module pressure vessel and hatch assembly,[Sample] Inflatable space habitat module pressure vessel and hatch assembly.,granted_patent,granted,Sierra Nevada / Sierra Space,US,2020-04-23,2020,2023-03-19,2023.0,B64G1/12,Spacecraft / Launch Systems,1,FAM-SIE-0000,5,,,,14,
Sierra Nevada / Sierra Space,SEED-SIE-0003,US010099017,Reusable orbital vehicle landing gear and airframe structure,[Sample] Reusable orbital vehicle landing gear and airframe structure.,granted_patent,granted,Sierra Nevada / Sierra Space,US,2011-05-13,2011,2012-08-26,2012.0,B64C25/00,Aeronautics / Structures,1,FAM-SIE-0001,1,,,,27,
Sierra Nevada / Sierra Space,SEED-SIE-0004,US010099018,Orbital maneuvering system propulsion for reusable spaceplane,[Sample] Orbital maneuvering system propulsion for reusable spaceplane.,granted_patent,granted,Sierra Nevada / Sierra Space,US,2021-01-16,2021,2023-02-25,2023.0,B64G1/40,Spacecraft / Launch Systems,6,FAM-SIE-0001,3,,,,20,
Sierra Nevada / Sierra Space,SEED-SIE-0005,US010099019,Atmospheric reentry guidance navigation and control for lifting body,[Sample] Atmospheric reentry guidance navigation and control for lifting body.,patent_application,pending,Sierra Nevada / Sierra Space,US,2011-08-13,2011,2012-07-04,2012.0,B64G1/24,Spacecraft / Launch Systems,1,FAM-SIE-0001,1,,,,29,
Sierra Nevada / Sierra Space,SEED-SIE-0006,US010099020,Life support and environmental control for commercial space station module,[Sample] Life support and environmental control for commercial space station module.,granted_patent,granted,Sierra Nevada / Sierra Space,US,2019-03-11,2019,2021-11-12,2021.0,B64G1/58,Spacecraft / Launch Systems,2,FAM-SIE-0002,5,,,,21,
Sierra Nevada / Sierra Space,SEED-SIE-0007,US010099021,Flexible solar array deployment mechanism for orbital platforms,[Sample] Flexible solar array deployment mechanism for orbital platforms.,granted_patent,granted,Sierra Nevada / Sierra Space,US,2015-02-17,2015,2018-11-21,2018.0,B64G1/44,Spacecraft / Launch Systems,4,FAM-SIE-0002,6,,,,29,
Sierra Nevada / Sierra Space,SEED-SIE-0008,US010099022,Docking interface and capture mechanism for commercial cargo vehicle,[Sample] Docking interface and capture mechanism for commercial cargo vehicle.,granted_patent,granted,Sierra Nevada / Sierra Space,US,2023-02-18,2023,2025-05-15,2025.0,B64G1/64,Spacecraft / Launch Systems,3,FAM-SIE-0002,3,,,,20,
SpaceX,SX-PA-001,US10236574B2,Phased array antenna for low Earth orbit satellite communication,"A phased array antenna system for communication with low Earth orbit satellites, comprising a plurality of antenna elements arranged to provide electronically steerable beams with low-latency pointing for broadband user terminals.",granted_patent,granted,Space Exploration Technologies Corp,US,2016-01-20,2016,2019-03-19,2019.0,H01Q3/26|H04B7/195|H01Q21/06,Antenna Design,3,FAM-SX-ANT-001,12,Priority Application,,,24,"Jorgensen, Mark; Kim, David; Patel, Sarah"
SpaceX,SX-PA-002,WO2017127323A1,Phased array antenna for satellite communication (PCT),"International patent application claiming priority to US15/001234, directed to phased array antenna systems for broadband satellite internet terminals.",patent_application,pending,Space Exploration Technologies Corp,WO,2017-01-19,2017,,,H01Q3/26|H04B7/195,Antenna Design,3,FAM-SX-ANT-001,12,PCT Application,SX-PA-001,PCT,20,"Jorgensen, Mark; Kim, David; Patel, Sarah"
SpaceX,SX-PA-003,US10651566B2,Phased array antenna with adaptive beam steering for satellite terminals,"A continuation of US10236574, adding claims directed to adaptive beam steering algorithms for tracking LEO satellites across the sky at high angular rates.",granted_patent,granted,Space Exploration Technologies Corp,US,2018-03-15,2018,2020-05-12,2020.0,H01Q3/26|H04B7/195|H01Q3/22,Antenna Design,3,FAM-SX-ANT-001,12,Continuation,SX-PA-001,Continuation,18,"Jorgensen, Mark; Kim, David; Torres, Carlos"
SpaceX,SX-PA-004,EP3407479B1,Phased array antenna for satellite communication (EP),"European national phase entry of WO2017127323, granted after substantive examination by the European Patent Office with amended claims directed to terminal hardware.",granted_patent,granted,Space Exploration Technologies Corp,EP,2018-07-20,2018,2021-04-14,2021.0,H01Q3/26|H04B7/195,Antenna Design,3,FAM-SX-ANT-001,12,EP National Phase,SX-PA-002,EP National Phase,15,"Jorgensen, Mark; Kim, David; Patel, Sarah"
SpaceX,SX-PA-005,JP6887462B2,Phased array antenna for satellite communication (JP),"Japan national phase entry of WO2017127323, granted by the Japan Patent Office covering phased array antenna systems for broadband satellite services.",granted_patent,granted,Space Exploration Technologies Corp,JP,2018-07-20,2018,2021-05-19,2021.0,H01Q3/26|H04B7/195,Antenna Design,3,FAM-SX-ANT-001,12,JP National Phase,SX-PA-002,JP National Phase,12,"Jorgensen, Mark; Kim, David; Patel, Sarah"
SpaceX,SX-PA-006,CN109075454B,Phased array antenna for satellite communication (CN),"China national phase entry of WO2017127323, granted by CNIPA after prosecution including responses to office actions relating to claim scope.",granted_patent,granted,Space Exploration Technologies Corp,CN,2018-09-18,2018,2022-01-07,2022.0,H01Q3/26|H04B7/195,Antenna Design,3,FAM-SX-ANT-001,12,CN National Phase,SX-PA-002,CN National Phase,10,"Jorgensen, Mark; Kim, David; Patel, Sarah"
SpaceX,SX-PA-007,CA3012101A1,Phased array antenna for satellite communication (CA),"Canada national phase entry of WO2017127323, currently pending examination at the Canadian Intellectual Property Office.",patent_application,pending,Space Exploration Technologies Corp,CA,2018-07-20,2018,,,H01Q3/26|H04B7/195,Antenna Design,3,FAM-SX-ANT-001,12,CA National Phase,SX-PA-002,CA National Phase,18,"Jorgensen, Mark; Kim, David; Patel, Sarah"
SpaceX,SX-PA-008,US11005188B2,Beam steering method and apparatus for satellite user terminal,"A divisional of US10236574, directed to method claims for dynamically steering phased array antenna beams to maintain link with passing LEO satellites.",granted_patent,granted,Space Exploration Technologies Corp,US,2020-02-25,2020,2021-05-11,2021.0,H01Q3/26|H04B7/195|H04W36/00,Antenna Design,2,FAM-SX-ANT-001,12,Divisional,SX-PA-001,Divisional,16,"Jorgensen, Mark; Kim, David"
SpaceX,SX-PA-009,US11296426B2,Phased array antenna with MIMO capability for satellite broadband,"A continuation of US10651566, adding claims directed to MIMO spatial multiplexing configurations for phased array satellite terminals to improve throughput.",granted_patent,granted,Space Exploration Technologies Corp,US,2021-02-01,2021,2022-04-05,2022.0,H01Q3/26|H01Q21/00|H04B7/0456,Antenna Design,3,FAM-SX-ANT-001,12,Continuation,SX-PA-003,Continuation,22,"Kim, David; Torres, Carlos; Walsh, Emily"
SpaceX,SX-PA-010,US20210384631A1,Electronically steerable antenna with reconfigurable aperture for satellite terminals,A continuation-in-part of US10651566 introducing new matter directed to reconfigurable aperture configurations allowing software-defined beam patterns.,patent_application,pending,Space Exploration Technologies Corp,US,2021-08-16,2021,,,H01Q3/44|H01Q21/00|H04B7/195,Antenna Design,3,FAM-SX-ANT-001,12,Continuation-in-Part,SX-PA-003,Continuation-in-Part,28,"Torres, Carlos; Walsh, Emily; Nguyen, Linh"
SpaceX,SX-PA-011,AU2017210840B2,Phased array antenna for satellite communication (AU),"Australia national phase entry of WO2017127323, granted by IP Australia covering the core phased array terminal architecture.",granted_patent,granted,Space Exploration Technologies Corp,AU,2018-07-20,2018,2020-11-12,2020.0,H01Q3/26|H04B7/195,Antenna Design,3,FAM-SX-ANT-001,12,AU National Phase,SX-PA-002,AU National Phase,14,"Jorgensen, Mark; Kim, David; Patel, Sarah"
SpaceX,SX-PA-012,US11588228B2,Low-power phased array antenna for satellite IoT terminal,"A continuation of US11296426, narrowing claims to low-power configurations targeting IoT and machine-type communication use cases on the Starlink network.",granted_patent,granted,Space Exploration Technologies Corp,US,2022-03-10,2022,2023-02-21,2023.0,H01Q3/26|H04B7/195|H04W84/18,Antenna Design,2,FAM-SX-ANT-001,12,Continuation,SX-PA-009,Continuation,14,"Kim, David; Walsh, Emily"
SpaceX,SX-SB-001,US10800551B2,Flat-panel satellite with stowable solar arrays and integrated ion thruster,"A flat-panel satellite design enabling high-density stacking within a launch vehicle fairing, with stowable solar arrays that deploy on orbit and an integrated Krypton ion propulsion system for station keeping and deorbit.",granted_patent,granted,Space Exploration Technologies Corp,US,2016-09-15,2016,2020-10-13,2020.0,B64G1/28|B64G1/40|H02S10/40,Spacecraft / Launch Systems,3,FAM-SX-SB-001,6,Priority Application,,,32,"Riggs, Brian; Meneghetti, Luca; Sharma, Priya"
SpaceX,SX-SB-002,WO2018022254A1,Flat-panel satellite bus design (PCT),"International patent application for the Starlink satellite bus architecture, claiming priority to US15/267389 and covering the flat-panel form factor and stacked launch configuration.",patent_application,pending,Space Exploration Technologies Corp,WO,2017-08-01,2017,,,B64G1/28|B64G1/40,Spacecraft / Launch Systems,3,FAM-SX-SB-001,6,PCT Application,SX-SB-001,PCT,26,"Riggs, Brian; Meneghetti, Luca; Sharma, Priya"
SpaceX,SX-SB-003,US11286062B2,Satellite deployment mechanism for high-density stacked launch configuration,A continuation of US10800551 directed to claims covering the deployment sequencing mechanism that releases individual satellites from a stacked launch configuration without contact between adjacent spacecraft.,granted_patent,granted,Space Exploration Technologies Corp,US,2018-11-20,2018,2022-03-29,2022.0,B64G1/64|B64G1/28|B64G1/10,Spacecraft / Launch Systems,3,FAM-SX-SB-001,6,Continuation,SX-SB-001,Continuation,20,"Riggs, Brian; Chen, Wei; Patel, Anika"
SpaceX,SX-SB-004,EP3490902B1,Flat-panel satellite bus with ion propulsion (EP),"European national phase entry of WO2018022254, covering the flat-panel satellite architecture with integrated propulsion for large LEO constellations.",granted_patent,granted,Space Exploration Technologies Corp,EP,2019-01-18,2019,2022-04-27,2022.0,B64G1/28|B64G1/40,Spacecraft / Launch Systems,3,FAM-SX-SB-001,6,EP National Phase,SX-SB-002,EP National Phase,18,"Riggs, Brian; Meneghetti, Luca; Sharma, Priya"
SpaceX,SX-SB-005,JP7008011B2,Flat-panel satellite bus with stowable solar array (JP),Japan national phase entry of WO2018022254 covering stowable solar array deployment methods for flat-panel satellite configurations.,granted_patent,granted,Space Exploration Technologies Corp,JP,2019-01-18,2019,2022-01-14,2022.0,B64G1/28|B64G1/44,Spacecraft / Launch Systems,2,FAM-SX-SB-001,6,JP National Phase,SX-SB-002,JP National Phase,14,"Riggs, Brian; Meneghetti, Luca"
SpaceX,SX-SB-006,US11027867B2,Ion propulsion station keeping and deorbit method for LEO satellite,A divisional of US10800551 directed specifically to method claims for using Krypton ion propulsion to maintain orbital altitude and perform controlled atmospheric deorbit within regulatory timelines.,granted_patent,granted,Space Exploration Technologies Corp,US,2019-06-04,2019,2021-06-08,2021.0,B64G1/40|B64G1/26,Spacecraft / Launch Systems,2,FAM-SX-SB-001,6,Divisional,SX-SB-001,Divisional,16,"Meneghetti, Luca; Sharma, Priya"
SpaceX,SX-ISL-001,US11502751B2,Free-space optical terminal for inter-satellite links in LEO constellations,"A free-space optical communication terminal for establishing inter-satellite links between LEO spacecraft, enabling a mesh network without ground-station relay hops and reducing end-to-end latency for transoceanic traffic.",granted_patent,granted,Space Exploration Technologies Corp,US,2018-04-23,2018,2022-11-15,2022.0,H04B10/112|H04B10/11|H01Q1/12,Satellite / Wireless Comms,3,FAM-SX-ISL-001,5,Priority Application,,,30,"Ellis, Rachel; Park, Jin-Ho; Bergmann, Felix"
SpaceX,SX-ISL-002,WO2019209799A1,Inter-satellite optical link terminal (PCT),"International filing claiming priority to US15/960432, covering the optical terminal design for bidirectional inter-satellite links between Starlink v2 satellites.",patent_application,pending,Space Exploration Technologies Corp,WO,2019-04-22,2019,,,H04B10/112|H04B10/11,Satellite / Wireless Comms,3,FAM-SX-ISL-001,5,PCT Application,SX-ISL-001,PCT,24,"Ellis, Rachel; Park, Jin-Ho; Bergmann, Felix"
SpaceX,SX-ISL-003,US11770173B2,Beam acquisition and pointing method for inter-satellite optical links,"A continuation of US11502751 directed to the acquisition, pointing, and tracking protocol enabling rapid link establishment between satellites at orbital closing speeds.",granted_patent,granted,Space Exploration Technologies Corp,US,2019-11-12,2019,2023-09-26,2023.0,H04B10/112|G01S17/66|H04B10/118,Satellite / Wireless Comms,3,FAM-SX-ISL-001,5,Continuation,SX-ISL-001,Continuation,22,"Ellis, Rachel; Nguyen, Linh; Park, Jin-Ho"
SpaceX,SX-ISL-004,EP3785382B1,Free-space optical inter-satellite link terminal (EP),"European national phase entry of WO2019209799, covering the optical terminal hardware for inter-satellite mesh networking.",granted_patent,granted,Space Exploration Technologies Corp,EP,2020-10-21,2020,2023-05-17,2023.0,H04B10/112|H04B10/11,Satellite / Wireless Comms,3,FAM-SX-ISL-001,5,EP National Phase,SX-ISL-002,EP National Phase,16,"Ellis, Rachel; Park, Jin-Ho; Bergmann, Felix"
SpaceX,SX-ISL-005,US20230074059A1,Adaptive optics compensation for atmospheric turbulence in near-earth optical links,"A continuation-in-part introducing new matter directed to wavefront sensing and correction techniques for optical links in the lower atmosphere, extending the technology to ground-to-satellite optical communications.",patent_application,pending,Space Exploration Technologies Corp,US,2021-09-08,2021,,,H04B10/112|G02B26/06|H04B10/118,Satellite / Wireless Comms,3,FAM-SX-ISL-001,5,Continuation-in-Part,SX-ISL-001,Continuation-in-Part,26,"Bergmann, Felix; Park, Jin-Ho; Walsh, Emily"
SpaceX,SX-GF-001,US9665136B2,Deployable grid fin for atmospheric reentry aerodynamic control,"A deployable grid fin system for a returning launch vehicle booster, providing aerodynamic stabilization and steering authority during hypersonic and subsonic powered descent to enable precision propulsive landing.",granted_patent,granted,Space Exploration Technologies Corp,US,2014-06-20,2014,2017-05-30,2017.0,B64G1/62|B64C3/54|B64C9/00,Spacecraft / Launch Systems,3,FAM-SX-GF-001,5,Priority Application,,,28,"Koenigsmann, Hans; Bjelde, Brian; Musk, Elon"
SpaceX,SX-GF-002,WO2015200124A1,Deployable grid fin for reusable launch vehicle (PCT),"International PCT application claiming priority to US14/311224, covering the deployable grid fin concept for reusable booster recovery systems globally.",patent_application,pending,Space Exploration Technologies Corp,WO,2015-06-19,2015,,,B64G1/62|B64C3/54,Spacecraft / Launch Systems,2,FAM-SX-GF-001,5,PCT Application,SX-GF-001,PCT,22,"Koenigsmann, Hans; Bjelde, Brian"
SpaceX,SX-GF-003,US10040560B2,Aerodynamic braking trajectory for reusable launch vehicle booster,A continuation of US9665136 directed to method claims for computing and executing an aerodynamic braking trajectory using deployable grid fins during booster descent.,granted_patent,granted,Space Exploration Technologies Corp,US,2016-09-14,2016,2018-08-07,2018.0,B64G1/62|B64G1/24|G05D1/10,Spacecraft / Launch Systems,2,FAM-SX-GF-001,5,Continuation,SX-GF-001,Continuation,20,"Koenigsmann, Hans; Kynard, Branden"
SpaceX,SX-GF-004,EP3160851B1,Deployable grid fin for launch vehicle atmospheric reentry (EP),"European national phase entry of WO2015200124, covering grid fin mechanisms for aerodynamic control of reusable booster vehicles during atmospheric reentry.",granted_patent,granted,Space Exploration Technologies Corp,EP,2016-12-14,2016,2021-04-07,2021.0,B64G1/62|B64C3/54,Spacecraft / Launch Systems,2,FAM-SX-GF-001,5,EP National Phase,SX-GF-002,EP National Phase,15,"Koenigsmann, Hans; Bjelde, Brian"
SpaceX,SX-GF-005,US10654605B2,Electrically actuated grid fin for launch vehicle aerodynamic control,"A continuation-in-part of US9665136 introducing new matter covering electrically actuated grid fin designs that replace hydraulic actuation, reducing system mass and complexity in the Falcon 9 Block 5 booster configuration.",granted_patent,granted,Space Exploration Technologies Corp,US,2018-05-22,2018,2020-05-19,2020.0,B64C3/54|B64G1/62|H02K7/00,Spacecraft / Launch Systems,3,FAM-SX-GF-001,5,Continuation-in-Part,SX-GF-001,Continuation-in-Part,24,"Koenigsmann, Hans; Bjelde, Brian; Chen, Wei"
Blue Origin,BO-VL-001,US8678321B2,Sea and land takeoff and landing capability for vertical takeoff and landing vehicle,"A vertical takeoff and landing vehicle configured for operation from sea-based and land-based platforms, incorporating powered descent guidance and propulsive landing on floating or fixed surfaces. Claims cover reusable booster landing on unimproved or mobile surfaces.",granted_patent,granted,Blue Origin LLC,US,2011-02-15,2011,2014-03-25,2014.0,B64G1/62|B64C29/00|B64G1/26,Spacecraft / Launch Systems,2,FAM-BO-VTOL-001,7,Priority Application,,,26,"Dumbacher, Stephen; Malone, Thomas"
Blue Origin,BO-VL-002,WO2012112309A1,VTOL vehicle sea and land takeoff and landing capability (PCT),"International PCT application claiming priority to US13/027948, directed to the core VTOL landing concept across multiple jurisdictions.",patent_application,pending,Blue Origin LLC,WO,2012-02-14,2012,,,B64G1/62|B64C29/00,Spacecraft / Launch Systems,2,FAM-BO-VTOL-001,7,PCT Application,BO-VL-001,PCT,22,"Dumbacher, Stephen; Malone, Thomas"
Blue Origin,BO-VL-003,EP2675709A1,VTOL vehicle sea and land landing capability (EP),"European national phase entry from WO2012112309, pending examination at the European Patent Office.",patent_application,pending,Blue Origin LLC,EP,2013-09-24,2013,,,B64G1/62|B64C29/00,Spacecraft / Launch Systems,2,FAM-BO-VTOL-001,7,EP National Phase,BO-VL-002,EP National Phase,18,"Dumbacher, Stephen; Malone, Thomas"
Blue Origin,BO-VL-004,CA2827055A1,VTOL vehicle sea and land landing capability (CA),"Canada national phase entry from WO2012112309, pending examination at CIPO.",patent_application,pending,Blue Origin LLC,CA,2013-08-14,2013,,,B64G1/62|B64C29/00,Spacecraft / Launch Systems,2,FAM-BO-VTOL-001,7,CA National Phase,BO-VL-002,CA National Phase,18,"Dumbacher, Stephen; Malone, Thomas"
Blue Origin,BO-VL-005,US9108714B2,Reusable suborbital launch vehicle with sea-based landing capability,"A continuation of US8678321, directed to suborbital vehicles specifically configured for soft landing on sea-based platforms with active stabilization.",granted_patent,granted,Blue Origin LLC,US,2014-03-04,2014,2015-08-18,2015.0,B64G1/62|B64C29/00|B64G5/00,Spacecraft / Launch Systems,3,FAM-BO-VTOL-001,7,Continuation,BO-VL-001,Continuation,20,"Dumbacher, Stephen; Malone, Thomas; Kent, Robert"
Blue Origin,BO-VL-006,IPR2015-01765,SpaceX IPR petition challenging US8678321B2 reusable landing claims,"Inter partes review petition filed by Space Exploration Technologies Corp at the Patent Trial and Appeal Board, asserting that Blue Origin's US8678321 claims were anticipated by prior art. The PTAB denied institution in April 2016, finding SpaceX had not shown a reasonable likelihood of prevailing on the asserted grounds.",patent_application,denied,Blue Origin LLC,USPTO/PTAB,2015-07-17,2015,,,,Spacecraft / Launch Systems,1,FAM-BO-VTOL-001,7,IPR Challenge,BO-VL-001,IPR Challenge,0,Petitioner: Space Exploration Technologies Corp
Blue Origin,BO-VL-007,US9758240B2,Reusable launch vehicle with variable-thrust propulsive landing system,"A continuation of US9108714, adding claims directed to throttle control systems enabling precise velocity management during powered descent for reusable boosters.",granted_patent,granted,Blue Origin LLC,US,2016-01-12,2016,2017-09-12,2017.0,B64G1/62|F02K9/58|B64C29/00,Spacecraft / Launch Systems,2,FAM-BO-VTOL-001,7,Continuation,BO-VL-005,Continuation,17,"Malone, Thomas; Kent, Robert"
Blue Origin,BO-BE4-001,US10378474B2,Full-flow staged combustion cycle rocket engine with oxidizer-rich preburner,"A full-flow staged combustion cycle rocket engine burning liquid oxygen and liquefied natural gas, using an oxidizer-rich preburner to drive high-pressure turbopumps. The BE-4 engine is designed for reuse across multiple flights and serves as the primary propulsion for the New Glenn orbital launch vehicle.",granted_patent,granted,Blue Origin LLC,US,2014-09-10,2014,2019-08-13,2019.0,F02K9/10|F02K9/58|F02K9/00,Rocket Propulsion,3,FAM-BO-BE4-001,5,Priority Application,,,34,"Vilas, Gary; Crocker, Andrew; Guzik, Mark"
Blue Origin,BO-BE4-002,WO2016040126A1,Full-flow staged combustion rocket engine (PCT),"International patent application covering the BE-4 full-flow staged combustion engine architecture, claiming priority to US14/483199.",patent_application,pending,Blue Origin LLC,WO,2015-09-04,2015,,,F02K9/10|F02K9/58,Rocket Propulsion,3,FAM-BO-BE4-001,5,PCT Application,BO-BE4-001,PCT,28,"Vilas, Gary; Crocker, Andrew; Guzik, Mark"
Blue Origin,BO-BE4-003,US10934965B2,Combustion chamber geometry for full-flow staged combustion engine,A continuation of US10378474 directed to claims covering specific combustion chamber geometries that improve mixing efficiency and reduce combustion instability in high chamber-pressure LOX/LNG engines.,granted_patent,granted,Blue Origin LLC,US,2016-10-01,2016,2021-03-02,2021.0,F02K9/10|F02K9/52|F23R3/00,Rocket Propulsion,2,FAM-BO-BE4-001,5,Continuation,BO-BE4-001,Continuation,22,"Vilas, Gary; Eddlemon, Thomas"
Blue Origin,BO-BE4-004,EP3191696B1,Full-flow staged combustion rocket engine (EP),"European national phase entry of WO2016040126, covering the staged combustion cycle engine architecture for high-performance, reusable liquid rocket engines.",granted_patent,granted,Blue Origin LLC,EP,2016-08-12,2016,2022-02-16,2022.0,F02K9/10|F02K9/58,Rocket Propulsion,3,FAM-BO-BE4-001,5,EP National Phase,BO-BE4-002,EP National Phase,18,"Vilas, Gary; Crocker, Andrew; Guzik, Mark"
Blue Origin,BO-BE4-005,US11022071B2,Turbopump assembly for cryogenic staged combustion rocket engine,"A divisional of US10378474 covering the turbopump assembly claims, specifically directed to the high-speed centrifugal pump rotor and bearing systems that enable the high chamber pressure of the BE-4 engine.",granted_patent,granted,Blue Origin LLC,US,2018-08-14,2018,2021-06-01,2021.0,F04D25/00|F02K9/58|F02K9/44,Rocket Propulsion,2,FAM-BO-BE4-001,5,Divisional,BO-BE4-001,Divisional,18,"Crocker, Andrew; Guzik, Mark"
Rocket Lab,RL-TP-001,US10844798B2,Electric motor driven turbopump for bipropellant rocket engine,"A battery-powered electric motor turbopump system for pumping liquid oxygen and kerosene propellants in a small rocket engine. The Rutherford engine eliminates a gas generator cycle preburner, replacing it with a compact BLDC motor and lithium polymer battery system, significantly simplifying engine design.",granted_patent,granted,Rocket Lab USA Inc,US,2015-11-03,2015,2020-11-24,2020.0,F04D25/00|F02K9/44|H02K7/00,Rocket Propulsion,3,FAM-RL-TP-001,5,Priority Application,,,29,"Beck, Peter; Stickland, Lachlan; Withy, Shaun"
Rocket Lab,RL-TP-002,NZ727087,Electric turbopump for rocket engine (NZ priority filing),"New Zealand priority filing establishing the earliest priority date for the electric turbopump technology, granted by the Intellectual Property Office of New Zealand.",granted_patent,granted,Rocket Lab USA Inc,NZ,2014-11-04,2014,2017-08-25,2017.0,F04D25/00|F02K9/44,Rocket Propulsion,2,FAM-RL-TP-001,5,Priority Application,,,20,"Beck, Peter; Stickland, Lachlan"
Rocket Lab,RL-TP-003,WO2016073407A1,Electric turbopump for liquid rocket engine (PCT),"PCT international application claiming priority to NZ727087, covering the electric motor turbopump concept for use in small and medium-class liquid rocket engines.",patent_application,pending,Rocket Lab USA Inc,WO,2015-11-03,2015,,,F04D25/00|F02K9/44|H02K7/00,Rocket Propulsion,3,FAM-RL-TP-001,5,PCT Application,RL-TP-002,PCT,24,"Beck, Peter; Stickland, Lachlan; Withy, Shaun"
Rocket Lab,RL-TP-004,US11306681B2,Pump speed control method for electric turbopump rocket engine,A continuation of US10844798 directed to method claims for controlling pump speed and mixture ratio in flight to manage propellant consumption and engine performance during ascent.,granted_patent,granted,Rocket Lab USA Inc,US,2017-07-25,2017,2022-04-19,2022.0,F04D25/00|F02K9/58|H02P6/00,Rocket Propulsion,2,FAM-RL-TP-001,5,Continuation,RL-TP-001,Continuation,18,"Beck, Peter; Withy, Shaun"
Rocket Lab,RL-TP-005,EP3215730B1,Electric motor driven turbopump for bipropellant rocket engine (EP),"European national phase entry of WO2016073407, covering the electric turbopump architecture for liquid rocket engines. Granted after examination at the EPO.",granted_patent,granted,Rocket Lab USA Inc,EP,2016-04-29,2016,2021-07-14,2021.0,F04D25/00|F02K9/44|H02K7/00,Rocket Propulsion,3,FAM-RL-TP-001,5,EP National Phase,RL-TP-003,EP National Phase,16,"Beck, Peter; Stickland, Lachlan; Withy, Shaun"
